Card Family,Mean (R$),Std (R$),Minimum Value (R$),Maximum Value (R$)
Gold,27878.453038674033,13495.12792060956,2000.0,50000.0
Platinum,131294.64285714287,43272.36981100629,51000.0,200000.0
Premium,514763.2850241546,232013.74039665316,108000.0,899000.0
