Month,Transactions,Frauds,Fraud Rate (%)
1,828.0,9.0,1.0869565217391304
2,775.0,10.0,1.2903225806451613
3,868.0,9.0,1.0368663594470047
4,807.0,9.0,1.1152416356877324
5,868.0,7.0,0.8064516129032258
6,838.0,10.0,1.1933174224343674
7,840.0,7.0,0.8333333333333334
8,840.0,9.0,1.0714285714285714
9,803.0,14.0,1.7434620174346203
10,870.0,8.0,0.9195402298850575
11,859.0,7.0,0.8149010477299186
12,804.0,10.0,1.243781094527363
